Session,Start,3/13/2018 10:22:47 AM,
BPM,100.0000,
0,0
0,2.816333
0,3.065074
0,3.263633
0,3.479
0,3.727956
