Session,Start,3/10/2018 2:15:27 PM,
BPM,100.0000,
0,11.96449
0,12.27926
0,12.57747
0,16.83509
0,17.06702
0,17.38179
