Session,Start,3/8/2018 9:19:46 PM,
BPM,100.0000,
6,4.853652
7,5.118719
8,5.433486
9,7.239253
10,7.483675
11,7.831606
