Session,Start,3/10/2018 1:42:11 PM,
BPM,100.0000,
0,7.264972
0,7.496907
0,7.819007
0,9.628238
0,9.876533
0,10.17505
0,11.98039
0,12.23514
0,12.54991
